ALCH/USDT,31.13
PEP/USDT,39.71
THOR/USDT,65.84
NOCHILL/USDT,24.51
BUBBLE/USDT,23.70
DECENTRALIZED/USDT,21.90
OPUL/USDT,25.42
BUCK/USDT,29.10
DERO/USDT,26.45
PLAY/USDT,21.37
CONVO/USDT,50.24
GAMMA/USDT,26.97
BSW/USDT,55.53
EVAN/USDT,25.74
MSTAR/USDT,228.11
PUPS/USDT,29.59
MIM/USDT,22.24
PIZZA/USDT,21.83
SUPFRIEND/USDT,65.31
PUNDIAI/USDT,152.95
RAT/USDT,32.56
NOICE/USDT,29.41
PBUX/USDT,27.27
HUMA/USDT,21.28
WINK/USDT,20.70
BOOP/USDT,25.48
UNA/USDT,22.85
NLK/USDT,78.33
PRAI/USDT,23.20
CUDIS/USDT,20.90
SAPIEN/USDT,22.36
XZK/USDT,50.24
JUSTAMEMECOIN/USDT,30.37
BEPRO/USDT,32.51
MON/USDT,22.34
DMAIL/USDT,28.56
AIT/USDT,38.51
ANI/USDT,63.02
GAME/USDT,22.02
WILD/USDT,20.30
ZEUSETH/USDT,29.59
BLUB/USDT,21.22
ASR/USDT,28.08
API3/USDT,21.21
PROJECT89/USDT,20.83
AAA/USDT,153.42
DMT/USDT,39.78
IMG/USDT,48.24
DREAMS/USDT,28.32
RIPPLE/USDT,55.89
FIRE/USDT,48.35
HOLD/USDT,21.34
AP/USDT,29.36
VVV/USDT,25.26
LUMO/USDT,23.09
HERO/USDT,22.65
KDAO/USDT,37.93
BLENDR/USDT,20.08
GIZMO/USDT,34.64
MLG/USDT,24.82
LEASH/USDT,41.26
VADER/USDT,100.42
EDGE/USDT,34.65
OSOL/USDT,21.81
BNBCARD/USDT,23.81
LOOKS/USDT,31.06
MAK/USDT,26.98
GMRX/USDT,24.02
GEC/USDT,60.94
ALCH/USDT:USDT,31.24
AVAIL/USDT:USDT,20.61
HUMA/USDT:USDT,20.57
